UN Country Code,Country,Year,Rate
4,Afghanistan,2004,
4,Afghanistan,2005,23
4,Afghanistan,2006,0
4,Afghanistan,2007,20
4,Afghanistan,2008,20
4,Afghanistan,2009,20
4,Afghanistan,2010,20
4,Afghanistan,2011,20
4,Afghanistan,2012,20
4,Afghanistan,2013,20
4,Afghanistan,2014,20
4,Afghanistan,2015,20
4,Afghanistan,2016,20
248,Aland Islands,2004,
248,Aland Islands,2005,
248,Aland Islands,2006,
248,Aland Islands,2007,
248,Aland Islands,2008,
248,Aland Islands,2009,
248,Aland Islands,2010,
248,Aland Islands,2011,
248,Aland Islands,2012,
248,Aland Islands,2013,
248,Aland Islands,2014,
248,Aland Islands,2015,
248,Aland Islands,2016,
8,Albania,2004,
8,Albania,2005,
8,Albania,2006,20
8,Albania,2007,20
8,Albania,2008,10
8,Albania,2009,10
8,Albania,2010,10
8,Albania,2011,10
8,Albania,2012,10
8,Albania,2013,10
8,Albania,2014,15
8,Albania,2015,15
8,Albania,2016,15
12,Algeria,2004,
12,Algeria,2005,
12,Algeria,2006,
12,Algeria,2007,
12,Algeria,2008,
12,Algeria,2009,
12,Algeria,2010,
12,Algeria,2011,
12,Algeria,2012,
12,Algeria,2013,25
12,Algeria,2014,19
12,Algeria,2015,23
12,Algeria,2016,26
16,American Samoa,2004,
16,American Samoa,2005,
16,American Samoa,2006,
16,American Samoa,2007,
16,American Samoa,2008,
16,American Samoa,2009,
16,American Samoa,2010,
16,American Samoa,2011,
16,American Samoa,2012,
16,American Samoa,2013,
16,American Samoa,2014,
16,American Samoa,2015,
16,American Samoa,2016,
20,Andorra,2004,
20,Andorra,2005,
20,Andorra,2006,
20,Andorra,2007,
20,Andorra,2008,
20,Andorra,2009,
20,Andorra,2010,0
20,Andorra,2011,0
20,Andorra,2012,10
20,Andorra,2013,10
20,Andorra,2014,10
20,Andorra,2015,10
20,Andorra,2016,10
24,Angola,2004,
24,Angola,2005,
24,Angola,2006,35
24,Angola,2007,35
24,Angola,2008,35
24,Angola,2009,35
24,Angola,2010,35
24,Angola,2011,35
24,Angola,2012,35
24,Angola,2013,35
24,Angola,2014,35
24,Angola,2015,30
24,Angola,2016,30
660,Anguilla,2004,
660,Anguilla,2005,
660,Anguilla,2006,
660,Anguilla,2007,
660,Anguilla,2008,
660,Anguilla,2009,
660,Anguilla,2010,
660,Anguilla,2011,
660,Anguilla,2012,
660,Anguilla,2013,
660,Anguilla,2014,
660,Anguilla,2015,
660,Anguilla,2016,0
28,Antigua And Barbuda,2004,
28,Antigua And Barbuda,2005,
28,Antigua And Barbuda,2006,
28,Antigua And Barbuda,2007,
28,Antigua And Barbuda,2008,
28,Antigua And Barbuda,2009,
28,Antigua And Barbuda,2010,
28,Antigua And Barbuda,2011,
28,Antigua And Barbuda,2012,
28,Antigua And Barbuda,2013,
28,Antigua And Barbuda,2014,25
28,Antigua And Barbuda,2015,25
28,Antigua And Barbuda,2016,25
32,Argentina,2004,35
32,Argentina,2005,35
32,Argentina,2006,35
32,Argentina,2007,35
32,Argentina,2008,35
32,Argentina,2009,35
32,Argentina,2010,35
32,Argentina,2011,35
32,Argentina,2012,35
32,Argentina,2013,35
32,Argentina,2014,35
32,Argentina,2015,35
32,Argentina,2016,35
51,Armenia,2004,
51,Armenia,2005,
51,Armenia,2006,20
51,Armenia,2007,20
51,Armenia,2008,20
51,Armenia,2009,20
51,Armenia,2010,20
51,Armenia,2011,20
51,Armenia,2012,20
51,Armenia,2013,20
51,Armenia,2014,20
51,Armenia,2015,20
51,Armenia,2016,20
533,Aruba,2004,
533,Aruba,2005,35
533,Aruba,2006,35
533,Aruba,2007,28
533,Aruba,2008,28
533,Aruba,2009,28
533,Aruba,2010,28
533,Aruba,2011,28
533,Aruba,2012,28
533,Aruba,2013,28
533,Aruba,2014,28
533,Aruba,2015,28
533,Aruba,2016,28
36,Australia,2004,30
36,Australia,2005,30
36,Australia,2006,30
36,Australia,2007,30
36,Australia,2008,30
36,Australia,2009,30
36,Australia,2010,30
36,Australia,2011,30
36,Australia,2012,30
36,Australia,2013,30
36,Australia,2014,30
36,Australia,2015,30
36,Australia,2016,30
40,Austria,2004,34
40,Austria,2005,25
40,Austria,2006,25
40,Austria,2007,25
40,Austria,2008,25
40,Austria,2009,25
40,Austria,2010,25
40,Austria,2011,25
40,Austria,2012,25
40,Austria,2013,25
40,Austria,2014,25
40,Austria,2015,25
40,Austria,2016,25
31,Azerbaijan,2004,
31,Azerbaijan,2005,
31,Azerbaijan,2006,
31,Azerbaijan,2007,
31,Azerbaijan,2008,
31,Azerbaijan,2009,
31,Azerbaijan,2010,20
31,Azerbaijan,2011,20
31,Azerbaijan,2012,20
31,Azerbaijan,2013,20
31,Azerbaijan,2014,20
31,Azerbaijan,2015,20
31,Azerbaijan,2016,20
44,Bahamas,2004,
44,Bahamas,2005,
44,Bahamas,2006,0
44,Bahamas,2007,0
44,Bahamas,2008,0
44,Bahamas,2009,0
44,Bahamas,2010,0
44,Bahamas,2011,0
44,Bahamas,2012,0
44,Bahamas,2013,0
44,Bahamas,2014,0
44,Bahamas,2015,0
44,Bahamas,2016,0
48,Bahrain,2004,
48,Bahrain,2005,
48,Bahrain,2006,0
48,Bahrain,2007,0
48,Bahrain,2008,0
48,Bahrain,2009,0
48,Bahrain,2010,0
48,Bahrain,2011,0
48,Bahrain,2012,0
48,Bahrain,2013,0
48,Bahrain,2014,0
48,Bahrain,2015,0
48,Bahrain,2016,0
50,Bangladesh,2004,30
50,Bangladesh,2005,30
50,Bangladesh,2006,30
50,Bangladesh,2007,30
50,Bangladesh,2008,30
50,Bangladesh,2009,27.5
50,Bangladesh,2010,27.5
50,Bangladesh,2011,27.5
50,Bangladesh,2012,27.5
50,Bangladesh,2013,27.5
50,Bangladesh,2014,27.5
50,Bangladesh,2015,27.5
50,Bangladesh,2016,25
52,Barbados,2004,
52,Barbados,2005,30
52,Barbados,2006,25
52,Barbados,2007,25
52,Barbados,2008,25
52,Barbados,2009,25
52,Barbados,2010,25
52,Barbados,2011,25
52,Barbados,2012,25
52,Barbados,2013,25
52,Barbados,2014,25
52,Barbados,2015,25
52,Barbados,2016,25
112,Belarus,2004,
112,Belarus,2005,
112,Belarus,2006,24
112,Belarus,2007,24
112,Belarus,2008,24
112,Belarus,2009,24
112,Belarus,2010,24
112,Belarus,2011,24
112,Belarus,2012,18
112,Belarus,2013,18
112,Belarus,2014,18
112,Belarus,2015,18
112,Belarus,2016,18
56,Belgium,2004,33.99
56,Belgium,2005,33.99
56,Belgium,2006,35.97
56,Belgium,2007,33.99
56,Belgium,2008,33.99
56,Belgium,2009,33.99
56,Belgium,2010,33.99
56,Belgium,2011,33.99
56,Belgium,2012,33.99
56,Belgium,2013,33.99
56,Belgium,2014,33.99
56,Belgium,2015,33.99
56,Belgium,2016,33.99
84,Belize,2004,
84,Belize,2005,
84,Belize,2006,
84,Belize,2007,
84,Belize,2008,
84,Belize,2009,
84,Belize,2010,
84,Belize,2011,
84,Belize,2012,
84,Belize,2013,
84,Belize,2014,
84,Belize,2015,
84,Belize,2016,
204,Benin,2004,
204,Benin,2005,
204,Benin,2006,
204,Benin,2007,
204,Benin,2008,
204,Benin,2009,
204,Benin,2010,30
204,Benin,2011,30
204,Benin,2012,30
204,Benin,2013,30
204,Benin,2014,30
204,Benin,2015,30
204,Benin,2016,30
60,Bermuda,2004,
60,Bermuda,2005,
60,Bermuda,2006,0
60,Bermuda,2007,0
60,Bermuda,2008,0
60,Bermuda,2009,0
60,Bermuda,2010,0
60,Bermuda,2011,0
60,Bermuda,2012,0
60,Bermuda,2013,0
60,Bermuda,2014,0
60,Bermuda,2015,0
60,Bermuda,2016,0
64,Bhutan,2004,
64,Bhutan,2005,
64,Bhutan,2006,
64,Bhutan,2007,
64,Bhutan,2008,
64,Bhutan,2009,
64,Bhutan,2010,30
64,Bhutan,2011,30
64,Bhutan,2012,30
64,Bhutan,2013,30
64,Bhutan,2014,30
64,Bhutan,2015,30
64,Bhutan,2016,30
68,Bolivia,2004,25
68,Bolivia,2005,25
68,Bolivia,2006,
68,Bolivia,2007,
68,Bolivia,2008,
68,Bolivia,2009,
68,Bolivia,2010,25
68,Bolivia,2011,25
68,Bolivia,2012,25
68,Bolivia,2013,25
68,Bolivia,2014,25
68,Bolivia,2015,25
68,Bolivia,2016,25
70,Bosnia And Herzegovina,2004,
70,Bosnia And Herzegovina,2005,25
70,Bosnia And Herzegovina,2006,10
70,Bosnia And Herzegovina,2007,10
70,Bosnia And Herzegovina,2008,10
70,Bosnia And Herzegovina,2009,10
70,Bosnia And Herzegovina,2010,10
70,Bosnia And Herzegovina,2011,10
70,Bosnia And Herzegovina,2012,10
70,Bosnia And Herzegovina,2013,10
70,Bosnia And Herzegovina,2014,10
70,Bosnia And Herzegovina,2015,10
70,Bosnia And Herzegovina,2016,10
72,Botswana,2004,
72,Botswana,2005,
72,Botswana,2006,25
72,Botswana,2007,25
72,Botswana,2008,25
72,Botswana,2009,25
72,Botswana,2010,25
72,Botswana,2011,22
72,Botswana,2012,22
72,Botswana,2013,22
72,Botswana,2014,22
72,Botswana,2015,22
72,Botswana,2016,22
76,Brazil,2004,34
76,Brazil,2005,34
76,Brazil,2006,34
76,Brazil,2007,34
76,Brazil,2008,34
76,Brazil,2009,34
76,Brazil,2010,34
76,Brazil,2011,34
76,Brazil,2012,34
76,Brazil,2013,34
76,Brazil,2014,34
76,Brazil,2015,34
76,Brazil,2016,34
96,Brunei Darussalam,2004,
96,Brunei Darussalam,2005,
96,Brunei Darussalam,2006,
96,Brunei Darussalam,2007,
96,Brunei Darussalam,2008,
96,Brunei Darussalam,2009,
96,Brunei Darussalam,2010,23.5
96,Brunei Darussalam,2011,22
96,Brunei Darussalam,2012,21
96,Brunei Darussalam,2013,20
96,Brunei Darussalam,2014,20
96,Brunei Darussalam,2015,18.5
96,Brunei Darussalam,2016,18.5
100,Bulgaria,2004,
100,Bulgaria,2005,15
100,Bulgaria,2006,10
100,Bulgaria,2007,10
100,Bulgaria,2008,10
100,Bulgaria,2009,10
100,Bulgaria,2010,10
100,Bulgaria,2011,10
100,Bulgaria,2012,10
100,Bulgaria,2013,10
100,Bulgaria,2014,10
100,Bulgaria,2015,10
100,Bulgaria,2016,10
854,Burkina Faso,2004,
854,Burkina Faso,2005,
854,Burkina Faso,2006,
854,Burkina Faso,2007,
854,Burkina Faso,2008,
854,Burkina Faso,2009,
854,Burkina Faso,2010,
854,Burkina Faso,2011,
854,Burkina Faso,2012,
854,Burkina Faso,2013,
854,Burkina Faso,2014,
854,Burkina Faso,2015,
854,Burkina Faso,2016,27.5
108,Burundi,2004,
108,Burundi,2005,
108,Burundi,2006,
108,Burundi,2007,
108,Burundi,2008,
108,Burundi,2009,
108,Burundi,2010,
108,Burundi,2011,
108,Burundi,2012,
108,Burundi,2013,
108,Burundi,2014,
108,Burundi,2015,
108,Burundi,2016,30
116,Cambodia,2004,
116,Cambodia,2005,
116,Cambodia,2006,
116,Cambodia,2007,
116,Cambodia,2008,
116,Cambodia,2009,
116,Cambodia,2010,20
116,Cambodia,2011,20
116,Cambodia,2012,20
116,Cambodia,2013,20
116,Cambodia,2014,20
116,Cambodia,2015,20
116,Cambodia,2016,20
120,Cameroon,2004,
120,Cameroon,2005,38.5
120,Cameroon,2006,38.5
120,Cameroon,2007,38.5
120,Cameroon,2008,38.5
120,Cameroon,2009,38.5
120,Cameroon,2010,38.5
120,Cameroon,2011,38.5
120,Cameroon,2012,38.5
120,Cameroon,2013,38.5
120,Cameroon,2014,38.5
120,Cameroon,2015,33
120,Cameroon,2016,33
124,Canada,2004,34.38
124,Canada,2005,34.18
124,Canada,2006,33.93
124,Canada,2007,33.95
124,Canada,2008,31.4
124,Canada,2009,30.9
124,Canada,2010,29.4
124,Canada,2011,27.7
124,Canada,2012,26.1
124,Canada,2013,26.3
124,Canada,2014,26.3
124,Canada,2015,26.3
124,Canada,2016,26.7
136,Cayman Islands,2004,
136,Cayman Islands,2005,0
136,Cayman Islands,2006,0
136,Cayman Islands,2007,0
136,Cayman Islands,2008,0
136,Cayman Islands,2009,0
136,Cayman Islands,2010,0
136,Cayman Islands,2011,0
136,Cayman Islands,2012,0
136,Cayman Islands,2013,0
136,Cayman Islands,2014,0
136,Cayman Islands,2015,0
136,Cayman Islands,2016,0
140,Central African Republic,2004,
140,Central African Republic,2005,
140,Central African Republic,2006,
140,Central African Republic,2007,
140,Central African Republic,2008,
140,Central African Republic,2009,
140,Central African Republic,2010,
140,Central African Republic,2011,
140,Central African Republic,2012,
140,Central African Republic,2013,
140,Central African Republic,2014,
140,Central African Republic,2015,
140,Central African Republic,2016,
148,Chad,2004,
148,Chad,2005,
148,Chad,2006,
148,Chad,2007,
148,Chad,2008,
148,Chad,2009,
148,Chad,2010,
148,Chad,2011,
148,Chad,2012,
148,Chad,2013,
148,Chad,2014,40
148,Chad,2015,40
148,Chad,2016,35
152,Chile,2004,17
152,Chile,2005,17
152,Chile,2006,17
152,Chile,2007,17
152,Chile,2008,17
152,Chile,2009,17
152,Chile,2010,17
152,Chile,2011,20
152,Chile,2012,20
152,Chile,2013,20
152,Chile,2014,21
152,Chile,2015,22.5
152,Chile,2016,24
156,China,2004,33
156,China,2005,33
156,China,2006,33
156,China,2007,33
156,China,2008,25
156,China,2009,25
156,China,2010,25
156,China,2011,25
156,China,2012,25
156,China,2013,25
156,China,2014,25
156,China,2015,25
156,China,2016,25
170,Colombia,2004,35
170,Colombia,2005,35
170,Colombia,2006,35
170,Colombia,2007,34
170,Colombia,2008,33
170,Colombia,2009,33
170,Colombia,2010,33
170,Colombia,2011,33
170,Colombia,2012,33
170,Colombia,2013,25
170,Colombia,2014,25
170,Colombia,2015,25
170,Colombia,2016,25
174,Comoros,2004,
174,Comoros,2005,
174,Comoros,2006,
174,Comoros,2007,
174,Comoros,2008,
174,Comoros,2009,
174,Comoros,2010,
174,Comoros,2011,
174,Comoros,2012,
174,Comoros,2013,
174,Comoros,2014,
174,Comoros,2015,
174,Comoros,2016,
178,"Congo, Republic of",2004,
178,"Congo, Republic of",2005,
178,"Congo, Republic of",2006,
178,"Congo, Republic of",2007,
178,"Congo, Republic of",2008,
178,"Congo, Republic of",2009,
178,"Congo, Republic of",2010,
178,"Congo, Republic of",2011,
178,"Congo, Republic of",2012,
178,"Congo, Republic of",2013,
178,"Congo, Republic of",2014,
178,"Congo, Republic of",2015,30
178,"Congo, Republic of",2016,30
180,"Congo, The Democratic Republic Of The",2004,
180,"Congo, The Democratic Republic Of The",2005,
180,"Congo, The Democratic Republic Of The",2006,
180,"Congo, The Democratic Republic Of The",2007,
180,"Congo, The Democratic Republic Of The",2008,
180,"Congo, The Democratic Republic Of The",2009,
180,"Congo, The Democratic Republic Of The",2010,40
180,"Congo, The Democratic Republic Of The",2011,40
180,"Congo, The Democratic Republic Of The",2012,40
180,"Congo, The Democratic Republic Of The",2013,35
180,"Congo, The Democratic Republic Of The",2014,35
180,"Congo, The Democratic Republic Of The",2015,35
180,"Congo, The Democratic Republic Of The",2016,35
184,Cook Islands,2004,
184,Cook Islands,2005,
184,Cook Islands,2006,
184,Cook Islands,2007,
184,Cook Islands,2008,
184,Cook Islands,2009,
184,Cook Islands,2010,
184,Cook Islands,2011,
184,Cook Islands,2012,
184,Cook Islands,2013,
184,Cook Islands,2014,
184,Cook Islands,2015,
184,Cook Islands,2016,28
188,Costa Rica,2004,30
188,Costa Rica,2005,30
188,Costa Rica,2006,30
188,Costa Rica,2007,30
188,Costa Rica,2008,30
188,Costa Rica,2009,30
188,Costa Rica,2010,30
188,Costa Rica,2011,30
188,Costa Rica,2012,30
188,Costa Rica,2013,30
188,Costa Rica,2014,30
188,Costa Rica,2015,30
188,Costa Rica,2016,30
384,Cote D'Ivoire,2004,
384,Cote D'Ivoire,2005,
384,Cote D'Ivoire,2006,
384,Cote D'Ivoire,2007,
384,Cote D'Ivoire,2008,
384,Cote D'Ivoire,2009,
384,Cote D'Ivoire,2010,
384,Cote D'Ivoire,2011,
384,Cote D'Ivoire,2012,
384,Cote D'Ivoire,2013,
384,Cote D'Ivoire,2014,
384,Cote D'Ivoire,2015,25
384,Cote D'Ivoire,2016,25
191,Croatia,2004,20.32
191,Croatia,2005,20.23
191,Croatia,2006,20
191,Croatia,2007,20
191,Croatia,2008,20
191,Croatia,2009,20
191,Croatia,2010,20
191,Croatia,2011,20
191,Croatia,2012,20
191,Croatia,2013,20
191,Croatia,2014,20
191,Croatia,2015,20
191,Croatia,2016,20
192,Cuba,2004,
192,Cuba,2005,
192,Cuba,2006,
192,Cuba,2007,
192,Cuba,2008,
192,Cuba,2009,
192,Cuba,2010,
192,Cuba,2011,
192,Cuba,2012,
192,Cuba,2013,
192,Cuba,2014,
192,Cuba,2015,
192,Cuba,2016,
531,Curacao,2004,
531,Curacao,2005,
531,Curacao,2006,
531,Curacao,2007,
531,Curacao,2008,
531,Curacao,2009,
531,Curacao,2010,
531,Curacao,2011,34.5
531,Curacao,2012,27.5
531,Curacao,2013,27.5
531,Curacao,2014,27.5
531,Curacao,2015,25
531,Curacao,2016,22
196,Cyprus,2004,15
196,Cyprus,2005,10
196,Cyprus,2006,10
196,Cyprus,2007,10
196,Cyprus,2008,10
196,Cyprus,2009,10
196,Cyprus,2010,10
196,Cyprus,2011,10
196,Cyprus,2012,10
196,Cyprus,2013,12.5
196,Cyprus,2014,12.5
196,Cyprus,2015,12.5
196,Cyprus,2016,12.5
203,Czech Republic,2004,28
203,Czech Republic,2005,26
203,Czech Republic,2006,24
203,Czech Republic,2007,24
203,Czech Republic,2008,21
203,Czech Republic,2009,20
203,Czech Republic,2010,19
203,Czech Republic,2011,19
203,Czech Republic,2012,19
203,Czech Republic,2013,19
203,Czech Republic,2014,19
203,Czech Republic,2015,19
203,Czech Republic,2016,19
208,Denmark,2004,30
208,Denmark,2005,28
208,Denmark,2006,28
208,Denmark,2007,25
208,Denmark,2008,25
208,Denmark,2009,25
208,Denmark,2010,25
208,Denmark,2011,25
208,Denmark,2012,25
208,Denmark,2013,25
208,Denmark,2014,24.5
208,Denmark,2015,23.5
208,Denmark,2016,22
262,Djibouti,2004,
262,Djibouti,2005,
262,Djibouti,2006,
262,Djibouti,2007,
262,Djibouti,2008,
262,Djibouti,2009,
262,Djibouti,2010,
262,Djibouti,2011,
262,Djibouti,2012,
262,Djibouti,2013,
262,Djibouti,2014,
262,Djibouti,2015,
262,Djibouti,2016,
212,Dominica,2004,
212,Dominica,2005,
212,Dominica,2006,
212,Dominica,2007,
212,Dominica,2008,
212,Dominica,2009,
212,Dominica,2010,
212,Dominica,2011,
212,Dominica,2012,
212,Dominica,2013,
212,Dominica,2014,30
212,Dominica,2015,30
212,Dominica,2016,25
214,Dominican Republic,2004,25
214,Dominican Republic,2005,25
214,Dominican Republic,2006,30
214,Dominican Republic,2007,25
214,Dominican Republic,2008,25
214,Dominican Republic,2009,25
214,Dominican Republic,2010,25
214,Dominican Republic,2011,29
214,Dominican Republic,2012,29
214,Dominican Republic,2013,29
214,Dominican Republic,2014,28
214,Dominican Republic,2015,27
214,Dominican Republic,2016,27
218,Ecuador,2004,36.25
218,Ecuador,2005,25
218,Ecuador,2006,25
218,Ecuador,2007,25
218,Ecuador,2008,25
218,Ecuador,2009,25
218,Ecuador,2010,25
218,Ecuador,2011,24
218,Ecuador,2012,23
218,Ecuador,2013,22
218,Ecuador,2014,22
218,Ecuador,2015,22
218,Ecuador,2016,22
818,Egypt,2004,
818,Egypt,2005,
818,Egypt,2006,20
818,Egypt,2007,20
818,Egypt,2008,20
818,Egypt,2009,20
818,Egypt,2010,20
818,Egypt,2011,20
818,Egypt,2012,25
818,Egypt,2013,25
818,Egypt,2014,25
818,Egypt,2015,25
818,Egypt,2016,22.5
222,El Salvador,2004,25
222,El Salvador,2005,25
222,El Salvador,2006,25
222,El Salvador,2007,25
222,El Salvador,2008,25
222,El Salvador,2009,25
222,El Salvador,2010,25
222,El Salvador,2011,25
222,El Salvador,2012,30
222,El Salvador,2013,30
222,El Salvador,2014,30
222,El Salvador,2015,30
222,El Salvador,2016,30
226,Equatorial Guinea,2004,
226,Equatorial Guinea,2005,
226,Equatorial Guinea,2006,
226,Equatorial Guinea,2007,
226,Equatorial Guinea,2008,
226,Equatorial Guinea,2009,
226,Equatorial Guinea,2010,35
226,Equatorial Guinea,2011,35
226,Equatorial Guinea,2012,35
226,Equatorial Guinea,2013,35
226,Equatorial Guinea,2014,35
226,Equatorial Guinea,2015,35
226,Equatorial Guinea,2016,35
232,Eritrea,2004,
232,Eritrea,2005,
232,Eritrea,2006,
232,Eritrea,2007,
232,Eritrea,2008,
232,Eritrea,2009,
232,Eritrea,2010,
232,Eritrea,2011,
232,Eritrea,2012,
232,Eritrea,2013,
232,Eritrea,2014,
232,Eritrea,2015,
232,Eritrea,2016,
233,Estonia,2004,
233,Estonia,2005,24
233,Estonia,2006,23
233,Estonia,2007,22
233,Estonia,2008,21
233,Estonia,2009,21
233,Estonia,2010,21
233,Estonia,2011,21
233,Estonia,2012,21
233,Estonia,2013,21
233,Estonia,2014,21
233,Estonia,2015,20
233,Estonia,2016,20
231,Ethiopia,2004,
231,Ethiopia,2005,
231,Ethiopia,2006,
231,Ethiopia,2007,
231,Ethiopia,2008,
231,Ethiopia,2009,
231,Ethiopia,2010,
231,Ethiopia,2011,
231,Ethiopia,2012,
231,Ethiopia,2013,
231,Ethiopia,2014,
231,Ethiopia,2015,
231,Ethiopia,2016,30
238,Falkland Islands (Malvinas),2004,
238,Falkland Islands (Malvinas),2005,
238,Falkland Islands (Malvinas),2006,
238,Falkland Islands (Malvinas),2007,
238,Falkland Islands (Malvinas),2008,
238,Falkland Islands (Malvinas),2009,
238,Falkland Islands (Malvinas),2010,
238,Falkland Islands (Malvinas),2011,
238,Falkland Islands (Malvinas),2012,
238,Falkland Islands (Malvinas),2013,
238,Falkland Islands (Malvinas),2014,
238,Falkland Islands (Malvinas),2015,
238,Falkland Islands (Malvinas),2016,
234,Faroe Islands,2004,
234,Faroe Islands,2005,
234,Faroe Islands,2006,
234,Faroe Islands,2007,
234,Faroe Islands,2008,
234,Faroe Islands,2009,
234,Faroe Islands,2010,
234,Faroe Islands,2011,
234,Faroe Islands,2012,
234,Faroe Islands,2013,
234,Faroe Islands,2014,
234,Faroe Islands,2015,
234,Faroe Islands,2016,
242,Fiji,2004,31
242,Fiji,2005,31
242,Fiji,2006,31
242,Fiji,2007,31
242,Fiji,2008,31
242,Fiji,2009,29
242,Fiji,2010,28
242,Fiji,2011,28
242,Fiji,2012,28
242,Fiji,2013,20
242,Fiji,2014,20
242,Fiji,2015,20
242,Fiji,2016,20
246,Finland,2004,29
246,Finland,2005,26
246,Finland,2006,26
246,Finland,2007,26
246,Finland,2008,26
246,Finland,2009,26
246,Finland,2010,26
246,Finland,2011,26
246,Finland,2012,24.5
246,Finland,2013,24.5
246,Finland,2014,20
246,Finland,2015,20
246,Finland,2016,20
250,France,2004,35.43
250,France,2005,35.43
250,France,2006,34.43
250,France,2007,34.43
250,France,2008,34.43
250,France,2009,34.43
250,France,2010,34.43
250,France,2011,34.43
250,France,2012,34.43
250,France,2013,34.43
250,France,2014,34.43
250,France,2015,34.43
250,France,2016,34.43
254,French Guiana,2004,
254,French Guiana,2005,
254,French Guiana,2006,
254,French Guiana,2007,
254,French Guiana,2008,
254,French Guiana,2009,
254,French Guiana,2010,
254,French Guiana,2011,
254,French Guiana,2012,
254,French Guiana,2013,
254,French Guiana,2014,
254,French Guiana,2015,
254,French Guiana,2016,
258,French Polynesia,2004,
258,French Polynesia,2005,
258,French Polynesia,2006,
258,French Polynesia,2007,
258,French Polynesia,2008,
258,French Polynesia,2009,
258,French Polynesia,2010,
258,French Polynesia,2011,
258,French Polynesia,2012,
258,French Polynesia,2013,
258,French Polynesia,2014,
258,French Polynesia,2015,
258,French Polynesia,2016,
266,Gabon,2004,
266,Gabon,2005,
266,Gabon,2006,
266,Gabon,2007,
266,Gabon,2008,
266,Gabon,2009,
266,Gabon,2010,
266,Gabon,2011,
266,Gabon,2012,
266,Gabon,2013,
266,Gabon,2014,30
266,Gabon,2015,30
266,Gabon,2016,30
270,Gambia,2004,
270,Gambia,2005,
270,Gambia,2006,
270,Gambia,2007,
270,Gambia,2008,
270,Gambia,2009,
270,Gambia,2010,
270,Gambia,2011,
270,Gambia,2012,
270,Gambia,2013,
270,Gambia,2014,
270,Gambia,2015,
270,Gambia,2016,31
268,Georgia,2004,
268,Georgia,2005,
268,Georgia,2006,
268,Georgia,2007,
268,Georgia,2008,
268,Georgia,2009,
268,Georgia,2010,15
268,Georgia,2011,15
268,Georgia,2012,15
268,Georgia,2013,15
268,Georgia,2014,15
268,Georgia,2015,15
268,Georgia,2016,15
276,Germany,2004,38.29
276,Germany,2005,38.31
276,Germany,2006,38.34
276,Germany,2007,38.36
276,Germany,2008,29.51
276,Germany,2009,29.44
276,Germany,2010,29.41
276,Germany,2011,29.37
276,Germany,2012,29.48
276,Germany,2013,29.55
276,Germany,2014,30.18
276,Germany,2015,30.18
276,Germany,2016,30.18
288,Ghana,2004,
288,Ghana,2005,
288,Ghana,2006,
288,Ghana,2007,
288,Ghana,2008,
288,Ghana,2009,
288,Ghana,2010,
288,Ghana,2011,
288,Ghana,2012,
288,Ghana,2013,25
288,Ghana,2014,25
288,Ghana,2015,25
288,Ghana,2016,25
292,Gibraltar,2004,
292,Gibraltar,2005,
292,Gibraltar,2006,35
292,Gibraltar,2007,35
292,Gibraltar,2008,33
292,Gibraltar,2009,27
292,Gibraltar,2010,22
292,Gibraltar,2011,10
292,Gibraltar,2012,10
292,Gibraltar,2013,10
292,Gibraltar,2014,10
292,Gibraltar,2015,10
292,Gibraltar,2016,10
300,Greece,2004,35
300,Greece,2005,32
300,Greece,2006,29
300,Greece,2007,25
300,Greece,2008,25
300,Greece,2009,25
300,Greece,2010,24
300,Greece,2011,20
300,Greece,2012,20
300,Greece,2013,26
300,Greece,2014,26
300,Greece,2015,26
300,Greece,2016,29
308,Grenada,2004,
308,Grenada,2005,
308,Grenada,2006,
308,Grenada,2007,
308,Grenada,2008,
308,Grenada,2009,
308,Grenada,2010,
308,Grenada,2011,
308,Grenada,2012,
308,Grenada,2013,
308,Grenada,2014,
308,Grenada,2015,
308,Grenada,2016,30
312,Guadeloupe,2004,
312,Guadeloupe,2005,
312,Guadeloupe,2006,
312,Guadeloupe,2007,
312,Guadeloupe,2008,
312,Guadeloupe,2009,
312,Guadeloupe,2010,
312,Guadeloupe,2011,
312,Guadeloupe,2012,
312,Guadeloupe,2013,
312,Guadeloupe,2014,
312,Guadeloupe,2015,
312,Guadeloupe,2016,
316,Guam,2004,
316,Guam,2005,
316,Guam,2006,
316,Guam,2007,
316,Guam,2008,
316,Guam,2009,
316,Guam,2010,
316,Guam,2011,
316,Guam,2012,
316,Guam,2013,
316,Guam,2014,
316,Guam,2015,
316,Guam,2016,
320,Guatemala,2004,31
320,Guatemala,2005,31
320,Guatemala,2006,31
320,Guatemala,2007,31
320,Guatemala,2008,31
320,Guatemala,2009,31
320,Guatemala,2010,31
320,Guatemala,2011,31
320,Guatemala,2012,31
320,Guatemala,2013,31
320,Guatemala,2014,28
320,Guatemala,2015,25
320,Guatemala,2016,25
831,Guernsey,2004,
831,Guernsey,2005,
831,Guernsey,2006,0
831,Guernsey,2007,0
831,Guernsey,2008,0
831,Guernsey,2009,0
831,Guernsey,2010,0
831,Guernsey,2011,0
831,Guernsey,2012,0
831,Guernsey,2013,0
831,Guernsey,2014,0
831,Guernsey,2015,0
831,Guernsey,2016,0
324,Guinea,2004,
324,Guinea,2005,
324,Guinea,2006,
324,Guinea,2007,
324,Guinea,2008,
324,Guinea,2009,
324,Guinea,2010,
324,Guinea,2011,
324,Guinea,2012,
324,Guinea,2013,
324,Guinea,2014,
324,Guinea,2015,
324,Guinea,2016,35
624,Guinea-Bissau,2004,
624,Guinea-Bissau,2005,
624,Guinea-Bissau,2006,
624,Guinea-Bissau,2007,
624,Guinea-Bissau,2008,
624,Guinea-Bissau,2009,
624,Guinea-Bissau,2010,
624,Guinea-Bissau,2011,
624,Guinea-Bissau,2012,
624,Guinea-Bissau,2013,
624,Guinea-Bissau,2014,
624,Guinea-Bissau,2015,
624,Guinea-Bissau,2016,
328,Guyana,2004,
328,Guyana,2005,
328,Guyana,2006,
328,Guyana,2007,
328,Guyana,2008,
328,Guyana,2009,
328,Guyana,2010,35
328,Guyana,2011,30
328,Guyana,2012,30
328,Guyana,2013,30
328,Guyana,2014,30
328,Guyana,2015,30
328,Guyana,2016,30
332,Haiti,2004,
332,Haiti,2005,
332,Haiti,2006,
332,Haiti,2007,
332,Haiti,2008,
332,Haiti,2009,
332,Haiti,2010,
332,Haiti,2011,
332,Haiti,2012,
332,Haiti,2013,
332,Haiti,2014,
332,Haiti,2015,
332,Haiti,2016,
336,Holy See (Vatican City State),2004,
336,Holy See (Vatican City State),2005,
336,Holy See (Vatican City State),2006,
336,Holy See (Vatican City State),2007,
336,Holy See (Vatican City State),2008,
336,Holy See (Vatican City State),2009,
336,Holy See (Vatican City State),2010,
336,Holy See (Vatican City State),2011,
336,Holy See (Vatican City State),2012,
336,Holy See (Vatican City State),2013,
336,Holy See (Vatican City State),2014,
336,Holy See (Vatican City State),2015,
336,Holy See (Vatican City State),2016,
340,Honduras,2004,25
340,Honduras,2005,30
340,Honduras,2006,30
340,Honduras,2007,30
340,Honduras,2008,30
340,Honduras,2009,30
340,Honduras,2010,25
340,Honduras,2011,35
340,Honduras,2012,35
340,Honduras,2013,35
340,Honduras,2014,30
340,Honduras,2015,30
340,Honduras,2016,30
344,Hong Kong,2004,17.5
344,Hong Kong,2005,17.5
344,Hong Kong,2006,17.5
344,Hong Kong,2007,17.5
344,Hong Kong,2008,16.5
344,Hong Kong,2009,16.5
344,Hong Kong,2010,16.5
344,Hong Kong,2011,16.5
344,Hong Kong,2012,16.5
344,Hong Kong,2013,16.5
344,Hong Kong,2014,16.5
344,Hong Kong,2015,16.5
344,Hong Kong,2016,16.5
348,Hungary,2004,16
348,Hungary,2005,16
348,Hungary,2006,17.33
348,Hungary,2007,20
348,Hungary,2008,20
348,Hungary,2009,20
348,Hungary,2010,19
348,Hungary,2011,19
348,Hungary,2012,19
348,Hungary,2013,19
348,Hungary,2014,19
348,Hungary,2015,19
348,Hungary,2016,19
352,Iceland,2004,18
352,Iceland,2005,18
352,Iceland,2006,18
352,Iceland,2007,18
352,Iceland,2008,15
352,Iceland,2009,15
352,Iceland,2010,18
352,Iceland,2011,20
352,Iceland,2012,20
352,Iceland,2013,20
352,Iceland,2014,20
352,Iceland,2015,20
352,Iceland,2016,20
356,India,2004,35.875
356,India,2005,36.5935
356,India,2006,33.66
356,India,2007,33.99
356,India,2008,33.99
356,India,2009,33.99
356,India,2010,33.99
356,India,2011,32.44
356,India,2012,32.45
356,India,2013,33.99
356,India,2014,33.99
356,India,2015,34.61
356,India,2016,34.61
360,Indonesia,2004,30
360,Indonesia,2005,30
360,Indonesia,2006,30
360,Indonesia,2007,30
360,Indonesia,2008,30
360,Indonesia,2009,28
360,Indonesia,2010,25
360,Indonesia,2011,25
360,Indonesia,2012,25
360,Indonesia,2013,25
360,Indonesia,2014,25
360,Indonesia,2015,25
360,Indonesia,2016,25
364,"Iran, Islamic Republic Of",2004,
364,"Iran, Islamic Republic Of",2005,
364,"Iran, Islamic Republic Of",2006,
364,"Iran, Islamic Republic Of",2007,
364,"Iran, Islamic Republic Of",2008,
364,"Iran, Islamic Republic Of",2009,
364,"Iran, Islamic Republic Of",2010,
364,"Iran, Islamic Republic Of",2011,
364,"Iran, Islamic Republic Of",2012,
364,"Iran, Islamic Republic Of",2013,
364,"Iran, Islamic Republic Of",2014,
364,"Iran, Islamic Republic Of",2015,
364,"Iran, Islamic Republic Of",2016,
368,Iraq,2004,
368,Iraq,2005,
368,Iraq,2006,
368,Iraq,2007,
368,Iraq,2008,
368,Iraq,2009,
368,Iraq,2010,
368,Iraq,2011,
368,Iraq,2012,
368,Iraq,2013,15
368,Iraq,2014,15
368,Iraq,2015,15
368,Iraq,2016,15
372,Ireland,2004,12.5
372,Ireland,2005,12.5
372,Ireland,2006,12.5
372,Ireland,2007,12.5
372,Ireland,2008,12.5
372,Ireland,2009,12.5
372,Ireland,2010,12.5
372,Ireland,2011,12.5
372,Ireland,2012,12.5
372,Ireland,2013,12.5
372,Ireland,2014,12.5
372,Ireland,2015,12.5
372,Ireland,2016,12.5
833,Isle Of Man,2004,
833,Isle Of Man,2005,
833,Isle Of Man,2006,0
833,Isle Of Man,2007,0
833,Isle Of Man,2008,0
833,Isle Of Man,2009,0
833,Isle Of Man,2010,0
833,Isle Of Man,2011,0
833,Isle Of Man,2012,0
833,Isle Of Man,2013,0
833,Isle Of Man,2014,0
833,Isle Of Man,2015,0
833,Isle Of Man,2016,0
376,Israel,2004,35
376,Israel,2005,34
376,Israel,2006,31
376,Israel,2007,29
376,Israel,2008,27
376,Israel,2009,26
376,Israel,2010,25
376,Israel,2011,24
376,Israel,2012,25
376,Israel,2013,25
376,Israel,2014,26.5
376,Israel,2015,26.5
376,Israel,2016,25
380,Italy,2004,37.25
380,Italy,2005,37.25
380,Italy,2006,37.25
380,Italy,2007,37.25
380,Italy,2008,31.4
380,Italy,2009,31.4
380,Italy,2010,31.4
380,Italy,2011,31.4
380,Italy,2012,31.4
380,Italy,2013,31.4
380,Italy,2014,27.5
380,Italy,2015,27.5
380,Italy,2016,31.29
388,Jamaica,2004,0
388,Jamaica,2005,33.33
388,Jamaica,2006,33.33
388,Jamaica,2007,33.33
388,Jamaica,2008,33.33
388,Jamaica,2009,33.33
388,Jamaica,2010,33.33
388,Jamaica,2011,33.33
388,Jamaica,2012,33.33
388,Jamaica,2013,25
388,Jamaica,2014,25
388,Jamaica,2015,25
388,Jamaica,2016,25
392,Japan,2004,39.54
392,Japan,2005,39.54
392,Japan,2006,39.54
392,Japan,2007,39.54
392,Japan,2008,39.54
392,Japan,2009,39.54
392,Japan,2010,39.54
392,Japan,2011,39.54
392,Japan,2012,39.54
392,Japan,2013,36.99
392,Japan,2014,36.99
392,Japan,2015,32.11
392,Japan,2016,29.97
832,Jersey,2004,
832,Jersey,2005,
832,Jersey,2006,0
832,Jersey,2007,0
832,Jersey,2008,0
832,Jersey,2009,0
832,Jersey,2010,0
832,Jersey,2011,0
832,Jersey,2012,0
832,Jersey,2013,0
832,Jersey,2014,0
832,Jersey,2015,0
832,Jersey,2016,0
400,Jordan,2004,
400,Jordan,2005,
400,Jordan,2006,25
400,Jordan,2007,25
400,Jordan,2008,25
400,Jordan,2009,25
400,Jordan,2010,14
400,Jordan,2011,14
400,Jordan,2012,14
400,Jordan,2013,14
400,Jordan,2014,14
400,Jordan,2015,20
400,Jordan,2016,20
398,Kazakhstan,2004,
398,Kazakhstan,2005,30
398,Kazakhstan,2006,30
398,Kazakhstan,2007,30
398,Kazakhstan,2008,30
398,Kazakhstan,2009,20
398,Kazakhstan,2010,20
398,Kazakhstan,2011,20
398,Kazakhstan,2012,20
398,Kazakhstan,2013,20
398,Kazakhstan,2014,20
398,Kazakhstan,2015,20
398,Kazakhstan,2016,20
404,Kenya,2004,
404,Kenya,2005,
404,Kenya,2006,
404,Kenya,2007,
404,Kenya,2008,
404,Kenya,2009,
404,Kenya,2010,30
404,Kenya,2011,30
404,Kenya,2012,30
404,Kenya,2013,30
404,Kenya,2014,30
404,Kenya,2015,30
404,Kenya,2016,30
296,Kiribati,2004,
296,Kiribati,2005,
296,Kiribati,2006,
296,Kiribati,2007,
296,Kiribati,2008,
296,Kiribati,2009,
296,Kiribati,2010,
296,Kiribati,2011,
296,Kiribati,2012,
296,Kiribati,2013,
296,Kiribati,2014,
296,Kiribati,2015,
296,Kiribati,2016,
408,"Korea, Democratic People's Republic Of",2004,
408,"Korea, Democratic People's Republic Of",2005,
408,"Korea, Democratic People's Republic Of",2006,
408,"Korea, Democratic People's Republic Of",2007,
408,"Korea, Democratic People's Republic Of",2008,
408,"Korea, Democratic People's Republic Of",2009,
408,"Korea, Democratic People's Republic Of",2010,
408,"Korea, Democratic People's Republic Of",2011,
408,"Korea, Democratic People's Republic Of",2012,
408,"Korea, Democratic People's Republic Of",2013,
408,"Korea, Democratic People's Republic Of",2014,
408,"Korea, Democratic People's Republic Of",2015,
408,"Korea, Democratic People's Republic Of",2016,
410,"Korea, Republic Of",2004,29.7
410,"Korea, Republic Of",2005,27.5
410,"Korea, Republic Of",2006,27.5
410,"Korea, Republic Of",2007,27.5
410,"Korea, Republic Of",2008,27.5
410,"Korea, Republic Of",2009,24.2
410,"Korea, Republic Of",2010,24.2
410,"Korea, Republic Of",2011,24.2
410,"Korea, Republic Of",2012,24.2
410,"Korea, Republic Of",2013,24.2
410,"Korea, Republic Of",2014,24.2
410,"Korea, Republic Of",2015,24.2
410,"Korea, Republic Of",2016,24.2
414,Kuwait,2004,
414,Kuwait,2005,
414,Kuwait,2006,55
414,Kuwait,2007,55
414,Kuwait,2008,55
414,Kuwait,2009,15
414,Kuwait,2010,15
414,Kuwait,2011,15
414,Kuwait,2012,15
414,Kuwait,2013,15
414,Kuwait,2014,15
414,Kuwait,2015,15
414,Kuwait,2016,15
417,Kyrgyzstan,2004,
417,Kyrgyzstan,2005,
417,Kyrgyzstan,2006,
417,Kyrgyzstan,2007,
417,Kyrgyzstan,2008,
417,Kyrgyzstan,2009,
417,Kyrgyzstan,2010,10
417,Kyrgyzstan,2011,10
417,Kyrgyzstan,2012,10
417,Kyrgyzstan,2013,10
417,Kyrgyzstan,2014,10
417,Kyrgyzstan,2015,10
417,Kyrgyzstan,2016,10
418,Lao People's Democratic Republic,2004,
418,Lao People's Democratic Republic,2005,
418,Lao People's Democratic Republic,2006,
418,Lao People's Democratic Republic,2007,
418,Lao People's Democratic Republic,2008,
418,Lao People's Democratic Republic,2009,
418,Lao People's Democratic Republic,2010,35
418,Lao People's Democratic Republic,2011,35
418,Lao People's Democratic Republic,2012,28
418,Lao People's Democratic Republic,2013,24
418,Lao People's Democratic Republic,2014,24
418,Lao People's Democratic Republic,2015,24
418,Lao People's Democratic Republic,2016,24
428,Latvia,2004,
428,Latvia,2005,15
428,Latvia,2006,15
428,Latvia,2007,15
428,Latvia,2008,15
428,Latvia,2009,15
428,Latvia,2010,15
428,Latvia,2011,15
428,Latvia,2012,15
428,Latvia,2013,15
428,Latvia,2014,15
428,Latvia,2015,15
428,Latvia,2016,15
422,Lebanon,2004,
422,Lebanon,2005,
422,Lebanon,2006,
422,Lebanon,2007,
422,Lebanon,2008,
422,Lebanon,2009,
422,Lebanon,2010,15
422,Lebanon,2011,15
422,Lebanon,2012,15
422,Lebanon,2013,15
422,Lebanon,2014,15
422,Lebanon,2015,15
422,Lebanon,2016,15
426,Lesotho,2004,
426,Lesotho,2005,
426,Lesotho,2006,
426,Lesotho,2007,
426,Lesotho,2008,
426,Lesotho,2009,
426,Lesotho,2010,
426,Lesotho,2011,
426,Lesotho,2012,
426,Lesotho,2013,
426,Lesotho,2014,
426,Lesotho,2015,
426,Lesotho,2016,25
430,Liberia,2004,
430,Liberia,2005,
430,Liberia,2006,
430,Liberia,2007,
430,Liberia,2008,
430,Liberia,2009,
430,Liberia,2010,
430,Liberia,2011,
430,Liberia,2012,
430,Liberia,2013,
430,Liberia,2014,
430,Liberia,2015,
430,Liberia,2016,
434,Libyan Arab Jamahiriya,2004,
434,Libyan Arab Jamahiriya,2005,
434,Libyan Arab Jamahiriya,2006,
434,Libyan Arab Jamahiriya,2007,40
434,Libyan Arab Jamahiriya,2008,40
434,Libyan Arab Jamahiriya,2009,40
434,Libyan Arab Jamahiriya,2010,40
434,Libyan Arab Jamahiriya,2011,20
434,Libyan Arab Jamahiriya,2012,20
434,Libyan Arab Jamahiriya,2013,20
434,Libyan Arab Jamahiriya,2014,20
434,Libyan Arab Jamahiriya,2015,20
434,Libyan Arab Jamahiriya,2016,20
438,Liechtenstein,2004,
438,Liechtenstein,2005,
438,Liechtenstein,2006,
438,Liechtenstein,2007,
438,Liechtenstein,2008,
438,Liechtenstein,2009,
438,Liechtenstein,2010,15
438,Liechtenstein,2011,12.5
438,Liechtenstein,2012,12.5
438,Liechtenstein,2013,12.5
438,Liechtenstein,2014,12.5
438,Liechtenstein,2015,12.5
438,Liechtenstein,2016,12.5
440,Lithuania,2004,
440,Lithuania,2005,15
440,Lithuania,2006,15
440,Lithuania,2007,15
440,Lithuania,2008,15
440,Lithuania,2009,20
440,Lithuania,2010,15
440,Lithuania,2011,15
440,Lithuania,2012,15
440,Lithuania,2013,15
440,Lithuania,2014,15
440,Lithuania,2015,15
440,Lithuania,2016,15
442,Luxembourg,2004,30.38
442,Luxembourg,2005,29.63
442,Luxembourg,2006,29.63
442,Luxembourg,2007,29.63
442,Luxembourg,2008,29.63
442,Luxembourg,2009,28.59
442,Luxembourg,2010,28.59
442,Luxembourg,2011,28.8
442,Luxembourg,2012,28.8
442,Luxembourg,2013,29.22
442,Luxembourg,2014,29.22
442,Luxembourg,2015,29.22
442,Luxembourg,2016,29.22
446,Macao,2004,
446,Macao,2005,12
446,Macao,2006,12
446,Macao,2007,12
446,Macao,2008,12
446,Macao,2009,12
446,Macao,2010,12
446,Macao,2011,12
446,Macao,2012,12
446,Macao,2013,12
446,Macao,2014,12
446,Macao,2015,12
446,Macao,2016,12
807,"Macedonia, The Former Yugoslav Republic Of",2004,
807,"Macedonia, The Former Yugoslav Republic Of",2005,
807,"Macedonia, The Former Yugoslav Republic Of",2006,15
807,"Macedonia, The Former Yugoslav Republic Of",2007,12
807,"Macedonia, The Former Yugoslav Republic Of",2008,10
807,"Macedonia, The Former Yugoslav Republic Of",2009,10
807,"Macedonia, The Former Yugoslav Republic Of",2010,10
807,"Macedonia, The Former Yugoslav Republic Of",2011,10
807,"Macedonia, The Former Yugoslav Republic Of",2012,10
807,"Macedonia, The Former Yugoslav Republic Of",2013,10
807,"Macedonia, The Former Yugoslav Republic Of",2014,10
807,"Macedonia, The Former Yugoslav Republic Of",2015,10
807,"Macedonia, The Former Yugoslav Republic Of",2016,10
450,Madagascar,2004,
450,Madagascar,2005,
450,Madagascar,2006,
450,Madagascar,2007,
450,Madagascar,2008,
450,Madagascar,2009,
450,Madagascar,2010,24
450,Madagascar,2011,23
450,Madagascar,2012,21
450,Madagascar,2013,20
450,Madagascar,2014,20
450,Madagascar,2015,20
450,Madagascar,2016,20
454,Malawi,2004,
454,Malawi,2005,
454,Malawi,2006,
454,Malawi,2007,
454,Malawi,2008,
454,Malawi,2009,
454,Malawi,2010,30
454,Malawi,2011,30
454,Malawi,2012,30
454,Malawi,2013,30
454,Malawi,2014,30
454,Malawi,2015,30
454,Malawi,2016,30
458,Malaysia,2004,28
458,Malaysia,2005,28
458,Malaysia,2006,28
458,Malaysia,2007,27
458,Malaysia,2008,26
458,Malaysia,2009,25
458,Malaysia,2010,25
458,Malaysia,2011,25
458,Malaysia,2012,25
458,Malaysia,2013,25
458,Malaysia,2014,25
458,Malaysia,2015,25
458,Malaysia,2016,24
462,Maldives,2004,
462,Maldives,2005,
462,Maldives,2006,
462,Maldives,2007,
462,Maldives,2008,
462,Maldives,2009,
462,Maldives,2010,
462,Maldives,2011,
462,Maldives,2012,
462,Maldives,2013,
462,Maldives,2014,
462,Maldives,2015,
462,Maldives,2016,15
466,Mali,2004,
466,Mali,2005,
466,Mali,2006,
466,Mali,2007,
466,Mali,2008,
466,Mali,2009,
466,Mali,2010,
466,Mali,2011,
466,Mali,2012,
466,Mali,2013,
466,Mali,2014,
466,Mali,2015,
466,Mali,2016,
470,Malta,2004,
470,Malta,2005,35
470,Malta,2006,35
470,Malta,2007,35
470,Malta,2008,35
470,Malta,2009,35
470,Malta,2010,35
470,Malta,2011,35
470,Malta,2012,35
470,Malta,2013,35
470,Malta,2014,35
470,Malta,2015,35
470,Malta,2016,35
584,Marshall Islands,2004,
584,Marshall Islands,2005,
584,Marshall Islands,2006,
584,Marshall Islands,2007,
584,Marshall Islands,2008,
584,Marshall Islands,2009,
584,Marshall Islands,2010,
584,Marshall Islands,2011,
584,Marshall Islands,2012,
584,Marshall Islands,2013,
584,Marshall Islands,2014,
584,Marshall Islands,2015,
584,Marshall Islands,2016,
474,Martinique,2004,
474,Martinique,2005,
474,Martinique,2006,
474,Martinique,2007,
474,Martinique,2008,
474,Martinique,2009,
474,Martinique,2010,
474,Martinique,2011,
474,Martinique,2012,
474,Martinique,2013,
474,Martinique,2014,
474,Martinique,2015,
474,Martinique,2016,
478,Mauritania,2004,
478,Mauritania,2005,
478,Mauritania,2006,
478,Mauritania,2007,
478,Mauritania,2008,
478,Mauritania,2009,
478,Mauritania,2010,
478,Mauritania,2011,
478,Mauritania,2012,
478,Mauritania,2013,
478,Mauritania,2014,
478,Mauritania,2015,
478,Mauritania,2016,
480,Mauritius,2004,
480,Mauritius,2005,25
480,Mauritius,2006,25
480,Mauritius,2007,22.5
480,Mauritius,2008,15
480,Mauritius,2009,15
480,Mauritius,2010,15
480,Mauritius,2011,15
480,Mauritius,2012,15
480,Mauritius,2013,15
480,Mauritius,2014,15
480,Mauritius,2015,15
480,Mauritius,2016,15
175,Mayotte,2004,
175,Mayotte,2005,
175,Mayotte,2006,
175,Mayotte,2007,
175,Mayotte,2008,
175,Mayotte,2009,
175,Mayotte,2010,
175,Mayotte,2011,
175,Mayotte,2012,
175,Mayotte,2013,
175,Mayotte,2014,
175,Mayotte,2015,
175,Mayotte,2016,
484,Mexico,2004,33
484,Mexico,2005,30
484,Mexico,2006,29
484,Mexico,2007,28
484,Mexico,2008,28
484,Mexico,2009,28
484,Mexico,2010,30
484,Mexico,2011,30
484,Mexico,2012,30
484,Mexico,2013,30
484,Mexico,2014,30
484,Mexico,2015,30
484,Mexico,2016,30
583,"Micronesia, Federated States Of",2004,
583,"Micronesia, Federated States Of",2005,
583,"Micronesia, Federated States Of",2006,
583,"Micronesia, Federated States Of",2007,
583,"Micronesia, Federated States Of",2008,
583,"Micronesia, Federated States Of",2009,
583,"Micronesia, Federated States Of",2010,
583,"Micronesia, Federated States Of",2011,
583,"Micronesia, Federated States Of",2012,
583,"Micronesia, Federated States Of",2013,
583,"Micronesia, Federated States Of",2014,
583,"Micronesia, Federated States Of",2015,
583,"Micronesia, Federated States Of",2016,
498,"Moldova, Republic Of",2004,
498,"Moldova, Republic Of",2005,
498,"Moldova, Republic Of",2006,
498,"Moldova, Republic Of",2007,
498,"Moldova, Republic Of",2008,
498,"Moldova, Republic Of",2009,
498,"Moldova, Republic Of",2010,0
498,"Moldova, Republic Of",2011,0
498,"Moldova, Republic Of",2012,0
498,"Moldova, Republic Of",2013,12
498,"Moldova, Republic Of",2014,12
498,"Moldova, Republic Of",2015,18
498,"Moldova, Republic Of",2016,12
492,Monaco,2004,
492,Monaco,2005,
492,Monaco,2006,
492,Monaco,2007,
492,Monaco,2008,
492,Monaco,2009,
492,Monaco,2010,
492,Monaco,2011,
492,Monaco,2012,
492,Monaco,2013,
492,Monaco,2014,
492,Monaco,2015,
492,Monaco,2016,33.33
496,Mongolia,2004,
496,Mongolia,2005,
496,Mongolia,2006,
496,Mongolia,2007,
496,Mongolia,2008,
496,Mongolia,2009,
496,Mongolia,2010,
496,Mongolia,2011,
496,Mongolia,2012,
496,Mongolia,2013,
496,Mongolia,2014,25
496,Mongolia,2015,25
496,Mongolia,2016,25
499,Montenegro,2004,
499,Montenegro,2005,
499,Montenegro,2006,9
499,Montenegro,2007,9
499,Montenegro,2008,9
499,Montenegro,2009,9
499,Montenegro,2010,9
499,Montenegro,2011,9
499,Montenegro,2012,9
499,Montenegro,2013,9
499,Montenegro,2014,9
499,Montenegro,2015,9
499,Montenegro,2016,9
500,Montserrat,2004,
500,Montserrat,2005,
500,Montserrat,2006,
500,Montserrat,2007,
500,Montserrat,2008,
500,Montserrat,2009,
500,Montserrat,2010,
500,Montserrat,2011,
500,Montserrat,2012,
500,Montserrat,2013,
500,Montserrat,2014,
500,Montserrat,2015,
500,Montserrat,2016,
504,Morocco,2004,
504,Morocco,2005,
504,Morocco,2006,
504,Morocco,2007,
504,Morocco,2008,
504,Morocco,2009,
504,Morocco,2010,30
504,Morocco,2011,30
504,Morocco,2012,30
504,Morocco,2013,30
504,Morocco,2014,30
504,Morocco,2015,30
504,Morocco,2016,31
508,Mozambique,2004,
508,Mozambique,2005,32
508,Mozambique,2006,32
508,Mozambique,2007,32
508,Mozambique,2008,32
508,Mozambique,2009,32
508,Mozambique,2010,32
508,Mozambique,2011,32
508,Mozambique,2012,32
508,Mozambique,2013,32
508,Mozambique,2014,32
508,Mozambique,2015,32
508,Mozambique,2016,32
104,Myanmar,2004,
104,Myanmar,2005,
104,Myanmar,2006,
104,Myanmar,2007,
104,Myanmar,2008,
104,Myanmar,2009,
104,Myanmar,2010,
104,Myanmar,2011,
104,Myanmar,2012,
104,Myanmar,2013,
104,Myanmar,2014,25
104,Myanmar,2015,25
104,Myanmar,2016,25
516,Namibia,2004,
516,Namibia,2005,
516,Namibia,2006,
516,Namibia,2007,
516,Namibia,2008,
516,Namibia,2009,
516,Namibia,2010,35
516,Namibia,2011,34
516,Namibia,2012,34
516,Namibia,2013,33
516,Namibia,2014,33
516,Namibia,2015,33
516,Namibia,2016,32
520,Nauru,2004,
520,Nauru,2005,
520,Nauru,2006,
520,Nauru,2007,
520,Nauru,2008,
520,Nauru,2009,
520,Nauru,2010,
520,Nauru,2011,
520,Nauru,2012,
520,Nauru,2013,
520,Nauru,2014,
520,Nauru,2015,
520,Nauru,2016,0
524,Nepal,2004,
524,Nepal,2005,
524,Nepal,2006,
524,Nepal,2007,
524,Nepal,2008,
524,Nepal,2009,
524,Nepal,2010,25
524,Nepal,2011,25
524,Nepal,2012,25
524,Nepal,2013,25
524,Nepal,2014,25
524,Nepal,2015,25
524,Nepal,2016,25
528,Netherlands,2004,31.5
528,Netherlands,2005,29.6
528,Netherlands,2006,29.6
528,Netherlands,2007,25.5
528,Netherlands,2008,25.5
528,Netherlands,2009,25.5
528,Netherlands,2010,25.5
528,Netherlands,2011,25
528,Netherlands,2012,25
528,Netherlands,2013,25
528,Netherlands,2014,25
528,Netherlands,2015,25
528,Netherlands,2016,25
540,New Caledonia,2004,
540,New Caledonia,2005,
540,New Caledonia,2006,
540,New Caledonia,2007,
540,New Caledonia,2008,
540,New Caledonia,2009,
540,New Caledonia,2010,
540,New Caledonia,2011,
540,New Caledonia,2012,
540,New Caledonia,2013,
540,New Caledonia,2014,
540,New Caledonia,2015,
540,New Caledonia,2016,
554,New Zealand,2004,33
554,New Zealand,2005,33
554,New Zealand,2006,33
554,New Zealand,2007,33
554,New Zealand,2008,30
554,New Zealand,2009,30
554,New Zealand,2010,30
554,New Zealand,2011,28
554,New Zealand,2012,28
554,New Zealand,2013,28
554,New Zealand,2014,28
554,New Zealand,2015,28
554,New Zealand,2016,28
558,Nicaragua,2004,
558,Nicaragua,2005,
558,Nicaragua,2006,30
558,Nicaragua,2007,30
558,Nicaragua,2008,30
558,Nicaragua,2009,30
558,Nicaragua,2010,30
558,Nicaragua,2011,30
558,Nicaragua,2012,30
558,Nicaragua,2013,30
558,Nicaragua,2014,30
558,Nicaragua,2015,30
558,Nicaragua,2016,30
562,Niger,2004,
562,Niger,2005,
562,Niger,2006,
562,Niger,2007,
562,Niger,2008,
562,Niger,2009,
562,Niger,2010,
562,Niger,2011,
562,Niger,2012,
562,Niger,2013,
562,Niger,2014,
562,Niger,2015,
562,Niger,2016,
566,Nigeria,2004,
566,Nigeria,2005,
566,Nigeria,2006,30
566,Nigeria,2007,30
566,Nigeria,2008,30
566,Nigeria,2009,30
566,Nigeria,2010,30
566,Nigeria,2011,30
566,Nigeria,2012,30
566,Nigeria,2013,30
566,Nigeria,2014,30
566,Nigeria,2015,30
566,Nigeria,2016,30
570,Niue,2004,
570,Niue,2005,
570,Niue,2006,
570,Niue,2007,
570,Niue,2008,
570,Niue,2009,
570,Niue,2010,
570,Niue,2011,
570,Niue,2012,
570,Niue,2013,
570,Niue,2014,
570,Niue,2015,
570,Niue,2016,
574,Norfolk Island,2004,
574,Norfolk Island,2005,
574,Norfolk Island,2006,
574,Norfolk Island,2007,
574,Norfolk Island,2008,
574,Norfolk Island,2009,
574,Norfolk Island,2010,
574,Norfolk Island,2011,
574,Norfolk Island,2012,
574,Norfolk Island,2013,
574,Norfolk Island,2014,
574,Norfolk Island,2015,
574,Norfolk Island,2016,
580,Northern Mariana Islands,2004,
580,Northern Mariana Islands,2005,
580,Northern Mariana Islands,2006,
580,Northern Mariana Islands,2007,
580,Northern Mariana Islands,2008,
580,Northern Mariana Islands,2009,
580,Northern Mariana Islands,2010,
580,Northern Mariana Islands,2011,
580,Northern Mariana Islands,2012,
580,Northern Mariana Islands,2013,
580,Northern Mariana Islands,2014,
580,Northern Mariana Islands,2015,
580,Northern Mariana Islands,2016,
578,Norway,2004,28
578,Norway,2005,28
578,Norway,2006,28
578,Norway,2007,28
578,Norway,2008,28
578,Norway,2009,28
578,Norway,2010,28
578,Norway,2011,28
578,Norway,2012,28
578,Norway,2013,28
578,Norway,2014,27
578,Norway,2015,27
578,Norway,2016,25
512,Oman,2004,
512,Oman,2005,12
512,Oman,2006,12
512,Oman,2007,12
512,Oman,2008,12
512,Oman,2009,12
512,Oman,2010,12
512,Oman,2011,12
512,Oman,2012,12
512,Oman,2013,12
512,Oman,2014,12
512,Oman,2015,12
512,Oman,2016,12
586,Pakistan,2004,35
586,Pakistan,2005,35
586,Pakistan,2006,35
586,Pakistan,2007,35
586,Pakistan,2008,35
586,Pakistan,2009,35
586,Pakistan,2010,35
586,Pakistan,2011,35
586,Pakistan,2012,35
586,Pakistan,2013,35
586,Pakistan,2014,34
586,Pakistan,2015,33
586,Pakistan,2016,33
585,Palau,2004,
585,Palau,2005,
585,Palau,2006,
585,Palau,2007,
585,Palau,2008,
585,Palau,2009,
585,Palau,2010,
585,Palau,2011,
585,Palau,2012,
585,Palau,2013,
585,Palau,2014,
585,Palau,2015,
585,Palau,2016,0
275,"Palestinian Territory, Occupied",2004,
275,"Palestinian Territory, Occupied",2005,
275,"Palestinian Territory, Occupied",2006,
275,"Palestinian Territory, Occupied",2007,
275,"Palestinian Territory, Occupied",2008,
275,"Palestinian Territory, Occupied",2009,
275,"Palestinian Territory, Occupied",2010,15
275,"Palestinian Territory, Occupied",2011,15
275,"Palestinian Territory, Occupied",2012,15
275,"Palestinian Territory, Occupied",2013,15
275,"Palestinian Territory, Occupied",2014,15
275,"Palestinian Territory, Occupied",2015,15
275,"Palestinian Territory, Occupied",2016,15
591,Panama,2004,30
591,Panama,2005,30
591,Panama,2006,30
591,Panama,2007,30
591,Panama,2008,30
591,Panama,2009,30
591,Panama,2010,27.5
591,Panama,2011,25
591,Panama,2012,25
591,Panama,2013,25
591,Panama,2014,25
591,Panama,2015,25
591,Panama,2016,25
598,Papua New Guinea,2004,30
598,Papua New Guinea,2005,30
598,Papua New Guinea,2006,30
598,Papua New Guinea,2007,30
598,Papua New Guinea,2008,30
598,Papua New Guinea,2009,30
598,Papua New Guinea,2010,30
598,Papua New Guinea,2011,30
598,Papua New Guinea,2012,30
598,Papua New Guinea,2013,30
598,Papua New Guinea,2014,30
598,Papua New Guinea,2015,30
598,Papua New Guinea,2016,30
600,Paraguay,2004,30
600,Paraguay,2005,30
600,Paraguay,2006,10
600,Paraguay,2007,10
600,Paraguay,2008,10
600,Paraguay,2009,10
600,Paraguay,2010,10
600,Paraguay,2011,10
600,Paraguay,2012,10
600,Paraguay,2013,10
600,Paraguay,2014,10
600,Paraguay,2015,10
600,Paraguay,2016,10
604,Peru,2004,30
604,Peru,2005,30
604,Peru,2006,30
604,Peru,2007,30
604,Peru,2008,30
604,Peru,2009,30
604,Peru,2010,30
604,Peru,2011,30
604,Peru,2012,30
604,Peru,2013,30
604,Peru,2014,30
604,Peru,2015,30
604,Peru,2016,28
608,Philippines,2004,32
608,Philippines,2005,32
608,Philippines,2006,35
608,Philippines,2007,35
608,Philippines,2008,35
608,Philippines,2009,30
608,Philippines,2010,30
608,Philippines,2011,30
608,Philippines,2012,30
608,Philippines,2013,30
608,Philippines,2014,30
608,Philippines,2015,30
608,Philippines,2016,30
612,Pitcairn,2004,
612,Pitcairn,2005,
612,Pitcairn,2006,
612,Pitcairn,2007,
612,Pitcairn,2008,
612,Pitcairn,2009,
612,Pitcairn,2010,
612,Pitcairn,2011,
612,Pitcairn,2012,
612,Pitcairn,2013,
612,Pitcairn,2014,
612,Pitcairn,2015,
612,Pitcairn,2016,
616,Poland,2004,19
616,Poland,2005,19
616,Poland,2006,19
616,Poland,2007,19
616,Poland,2008,19
616,Poland,2009,19
616,Poland,2010,19
616,Poland,2011,19
616,Poland,2012,19
616,Poland,2013,19
616,Poland,2014,19
616,Poland,2015,19
616,Poland,2016,19
620,Portugal,2004,27.5
620,Portugal,2005,27.5
620,Portugal,2006,27.5
620,Portugal,2007,26.5
620,Portugal,2008,26.5
620,Portugal,2009,26.5
620,Portugal,2010,26.5
620,Portugal,2011,28.5
620,Portugal,2012,31.5
620,Portugal,2013,31.5
620,Portugal,2014,31.5
620,Portugal,2015,29.5
620,Portugal,2016,29.5
630,Puerto Rico,2004,
630,Puerto Rico,2005,
630,Puerto Rico,2006,
630,Puerto Rico,2007,
630,Puerto Rico,2008,
630,Puerto Rico,2009,
630,Puerto Rico,2010,
630,Puerto Rico,2011,
630,Puerto Rico,2012,
630,Puerto Rico,2013,
630,Puerto Rico,2014,30
630,Puerto Rico,2015,39
630,Puerto Rico,2016,39
634,Qatar,2004,
634,Qatar,2005,
634,Qatar,2006,35
634,Qatar,2007,35
634,Qatar,2008,35
634,Qatar,2009,35
634,Qatar,2010,10
634,Qatar,2011,10
634,Qatar,2012,10
634,Qatar,2013,10
634,Qatar,2014,10
634,Qatar,2015,10
634,Qatar,2016,10
638,Reunion,2004,
638,Reunion,2005,
638,Reunion,2006,
638,Reunion,2007,
638,Reunion,2008,
638,Reunion,2009,
638,Reunion,2010,
638,Reunion,2011,
638,Reunion,2012,
638,Reunion,2013,
638,Reunion,2014,
638,Reunion,2015,
638,Reunion,2016,
642,Romania,2004,25
642,Romania,2005,16
642,Romania,2006,16
642,Romania,2007,16
642,Romania,2008,16
642,Romania,2009,16
642,Romania,2010,16
642,Romania,2011,16
642,Romania,2012,16
642,Romania,2013,16
642,Romania,2014,16
642,Romania,2015,16
642,Romania,2016,16
643,Russian Federation,2004,24
643,Russian Federation,2005,24
643,Russian Federation,2006,24
643,Russian Federation,2007,24
643,Russian Federation,2008,24
643,Russian Federation,2009,20
643,Russian Federation,2010,20
643,Russian Federation,2011,20
643,Russian Federation,2012,20
643,Russian Federation,2013,20
643,Russian Federation,2014,20
643,Russian Federation,2015,20
643,Russian Federation,2016,20
646,Rwanda,2004,
646,Rwanda,2005,
646,Rwanda,2006,
646,Rwanda,2007,
646,Rwanda,2008,
646,Rwanda,2009,
646,Rwanda,2010,
646,Rwanda,2011,
646,Rwanda,2012,
646,Rwanda,2013,
646,Rwanda,2014,30
646,Rwanda,2015,30
646,Rwanda,2016,30
654,Saint Helena,2004,
654,Saint Helena,2005,
654,Saint Helena,2006,
654,Saint Helena,2007,
654,Saint Helena,2008,
654,Saint Helena,2009,
654,Saint Helena,2010,
654,Saint Helena,2011,
654,Saint Helena,2012,
654,Saint Helena,2013,
654,Saint Helena,2014,
654,Saint Helena,2015,
654,Saint Helena,2016,
659,Saint Kitts And Nevis,2004,
659,Saint Kitts And Nevis,2005,
659,Saint Kitts And Nevis,2006,
659,Saint Kitts And Nevis,2007,
659,Saint Kitts And Nevis,2008,
659,Saint Kitts And Nevis,2009,
659,Saint Kitts And Nevis,2010,
659,Saint Kitts And Nevis,2011,
659,Saint Kitts And Nevis,2012,
659,Saint Kitts And Nevis,2013,33
659,Saint Kitts And Nevis,2014,33
659,Saint Kitts And Nevis,2015,33
659,Saint Kitts And Nevis,2016,33
662,Saint Lucia,2004,
662,Saint Lucia,2005,
662,Saint Lucia,2006,
662,Saint Lucia,2007,
662,Saint Lucia,2008,
662,Saint Lucia,2009,
662,Saint Lucia,2010,
662,Saint Lucia,2011,
662,Saint Lucia,2012,
662,Saint Lucia,2013,
662,Saint Lucia,2014,30
662,Saint Lucia,2015,33.33
662,Saint Lucia,2016,33.33
534,Saint Maarten,2004,
534,Saint Maarten,2005,
534,Saint Maarten,2006,
534,Saint Maarten,2007,
534,Saint Maarten,2008,
534,Saint Maarten,2009,
534,Saint Maarten,2010,
534,Saint Maarten,2011,
534,Saint Maarten,2012,
534,Saint Maarten,2013,
534,Saint Maarten,2014,
534,Saint Maarten,2015,34.5
534,Saint Maarten,2016,34.5
666,Saint Pierre And Miquelon,2004,
666,Saint Pierre And Miquelon,2005,
666,Saint Pierre And Miquelon,2006,
666,Saint Pierre And Miquelon,2007,
666,Saint Pierre And Miquelon,2008,
666,Saint Pierre And Miquelon,2009,
666,Saint Pierre And Miquelon,2010,
666,Saint Pierre And Miquelon,2011,
666,Saint Pierre And Miquelon,2012,
666,Saint Pierre And Miquelon,2013,
666,Saint Pierre And Miquelon,2014,
666,Saint Pierre And Miquelon,2015,
666,Saint Pierre And Miquelon,2016,
670,Saint Vincent And The Grenadines,2004,
670,Saint Vincent And The Grenadines,2005,
670,Saint Vincent And The Grenadines,2006,
670,Saint Vincent And The Grenadines,2007,
670,Saint Vincent And The Grenadines,2008,
670,Saint Vincent And The Grenadines,2009,
670,Saint Vincent And The Grenadines,2010,
670,Saint Vincent And The Grenadines,2011,
670,Saint Vincent And The Grenadines,2012,
670,Saint Vincent And The Grenadines,2013,
670,Saint Vincent And The Grenadines,2014,
670,Saint Vincent And The Grenadines,2015,
670,Saint Vincent And The Grenadines,2016,32.5
882,Samoa,2004,
882,Samoa,2005,
882,Samoa,2006,27
882,Samoa,2007,27
882,Samoa,2008,27
882,Samoa,2009,27
882,Samoa,2010,27
882,Samoa,2011,27
882,Samoa,2012,27
882,Samoa,2013,27
882,Samoa,2014,27
882,Samoa,2015,27
882,Samoa,2016,27
674,San Marino,2004,
674,San Marino,2005,
674,San Marino,2006,
674,San Marino,2007,
674,San Marino,2008,
674,San Marino,2009,
674,San Marino,2010,
674,San Marino,2011,
674,San Marino,2012,
674,San Marino,2013,
674,San Marino,2014,
674,San Marino,2015,
674,San Marino,2016,
678,Sao Tome And Principe,2004,
678,Sao Tome And Principe,2005,
678,Sao Tome And Principe,2006,
678,Sao Tome And Principe,2007,
678,Sao Tome And Principe,2008,
678,Sao Tome And Principe,2009,
678,Sao Tome And Principe,2010,
678,Sao Tome And Principe,2011,
678,Sao Tome And Principe,2012,
678,Sao Tome And Principe,2013,
678,Sao Tome And Principe,2014,
678,Sao Tome And Principe,2015,
678,Sao Tome And Principe,2016,
682,Saudi Arabia,2004,
682,Saudi Arabia,2005,
682,Saudi Arabia,2006,20
682,Saudi Arabia,2007,20
682,Saudi Arabia,2008,20
682,Saudi Arabia,2009,20
682,Saudi Arabia,2010,20
682,Saudi Arabia,2011,20
682,Saudi Arabia,2012,20
682,Saudi Arabia,2013,20
682,Saudi Arabia,2014,20
682,Saudi Arabia,2015,20
682,Saudi Arabia,2016,20
686,Senegal,2004,
686,Senegal,2005,
686,Senegal,2006,
686,Senegal,2007,
686,Senegal,2008,
686,Senegal,2009,
686,Senegal,2010,25
686,Senegal,2011,25
686,Senegal,2012,25
686,Senegal,2013,30
686,Senegal,2014,30
686,Senegal,2015,30
686,Senegal,2016,30
688,Serbia,2004,
688,Serbia,2005,
688,Serbia,2006,10
688,Serbia,2007,10
688,Serbia,2008,10
688,Serbia,2009,10
688,Serbia,2010,10
688,Serbia,2011,10
688,Serbia,2012,10
688,Serbia,2013,15
688,Serbia,2014,15
688,Serbia,2015,15
688,Serbia,2016,15
690,Seychelles,2004,
690,Seychelles,2005,
690,Seychelles,2006,
690,Seychelles,2007,
690,Seychelles,2008,
690,Seychelles,2009,
690,Seychelles,2010,
690,Seychelles,2011,
690,Seychelles,2012,
690,Seychelles,2013,
690,Seychelles,2014,
690,Seychelles,2015,
690,Seychelles,2016,33
694,Sierra Leone,2004,
694,Sierra Leone,2005,
694,Sierra Leone,2006,
694,Sierra Leone,2007,
694,Sierra Leone,2008,
694,Sierra Leone,2009,
694,Sierra Leone,2010,
694,Sierra Leone,2011,
694,Sierra Leone,2012,
694,Sierra Leone,2013,
694,Sierra Leone,2014,30
694,Sierra Leone,2015,30
694,Sierra Leone,2016,30
702,Singapore,2004,22
702,Singapore,2005,20
702,Singapore,2006,20
702,Singapore,2007,20
702,Singapore,2008,18
702,Singapore,2009,18
702,Singapore,2010,17
702,Singapore,2011,17
702,Singapore,2012,17
702,Singapore,2013,17
702,Singapore,2014,17
702,Singapore,2015,17
702,Singapore,2016,17
703,Slovakia,2004,19
703,Slovakia,2005,19
703,Slovakia,2006,19
703,Slovakia,2007,19
703,Slovakia,2008,19
703,Slovakia,2009,19
703,Slovakia,2010,19
703,Slovakia,2011,19
703,Slovakia,2012,19
703,Slovakia,2013,23
703,Slovakia,2014,22
703,Slovakia,2015,22
703,Slovakia,2016,22
705,Slovenia,2004,
705,Slovenia,2005,25
705,Slovenia,2006,25
705,Slovenia,2007,23
705,Slovenia,2008,22
705,Slovenia,2009,21
705,Slovenia,2010,20
705,Slovenia,2011,20
705,Slovenia,2012,18
705,Slovenia,2013,17
705,Slovenia,2014,17
705,Slovenia,2015,17
705,Slovenia,2016,17
90,Solomon Islands,2004,
90,Solomon Islands,2005,
90,Solomon Islands,2006,
90,Solomon Islands,2007,
90,Solomon Islands,2008,
90,Solomon Islands,2009,
90,Solomon Islands,2010,30
90,Solomon Islands,2011,30
90,Solomon Islands,2012,30
90,Solomon Islands,2013,30
90,Solomon Islands,2014,30
90,Solomon Islands,2015,30
90,Solomon Islands,2016,30
706,Somalia,2004,
706,Somalia,2005,
706,Somalia,2006,
706,Somalia,2007,
706,Somalia,2008,
706,Somalia,2009,
706,Somalia,2010,
706,Somalia,2011,
706,Somalia,2012,
706,Somalia,2013,
706,Somalia,2014,
706,Somalia,2015,
706,Somalia,2016,
710,South Africa,2004,37.8
710,South Africa,2005,37.8
710,South Africa,2006,36.89
710,South Africa,2007,36.89
710,South Africa,2008,34.55
710,South Africa,2009,34.55
710,South Africa,2010,34.55
710,South Africa,2011,34.55
710,South Africa,2012,34.55
710,South Africa,2013,28
710,South Africa,2014,28
710,South Africa,2015,28
710,South Africa,2016,28
724,Spain,2004,35
724,Spain,2005,35
724,Spain,2006,35
724,Spain,2007,32.5
724,Spain,2008,30
724,Spain,2009,30
724,Spain,2010,30
724,Spain,2011,30
724,Spain,2012,30
724,Spain,2013,30
724,Spain,2014,30
724,Spain,2015,28
724,Spain,2016,25
144,Sri Lanka,2004,35
144,Sri Lanka,2005,32.5
144,Sri Lanka,2006,32.5
144,Sri Lanka,2007,35
144,Sri Lanka,2008,35
144,Sri Lanka,2009,35
144,Sri Lanka,2010,35
144,Sri Lanka,2011,28
144,Sri Lanka,2012,28
144,Sri Lanka,2013,28
144,Sri Lanka,2014,28
144,Sri Lanka,2015,28
144,Sri Lanka,2016,15
729,Sudan,2004,
729,Sudan,2005,
729,Sudan,2006,35
729,Sudan,2007,30
729,Sudan,2008,15
729,Sudan,2009,15
729,Sudan,2010,15
729,Sudan,2011,35
729,Sudan,2012,35
729,Sudan,2013,35
729,Sudan,2014,35
729,Sudan,2015,35
729,Sudan,2016,20
740,Suriname,2004,
740,Suriname,2005,
740,Suriname,2006,
740,Suriname,2007,
740,Suriname,2008,
740,Suriname,2009,
740,Suriname,2010,
740,Suriname,2011,
740,Suriname,2012,
740,Suriname,2013,36
740,Suriname,2014,34.5
740,Suriname,2015,34.5
740,Suriname,2016,
744,Svalbard And Jan Mayen,2004,
744,Svalbard And Jan Mayen,2005,
744,Svalbard And Jan Mayen,2006,
744,Svalbard And Jan Mayen,2007,
744,Svalbard And Jan Mayen,2008,
744,Svalbard And Jan Mayen,2009,
744,Svalbard And Jan Mayen,2010,
744,Svalbard And Jan Mayen,2011,
744,Svalbard And Jan Mayen,2012,
744,Svalbard And Jan Mayen,2013,
744,Svalbard And Jan Mayen,2014,
744,Svalbard And Jan Mayen,2015,
744,Svalbard And Jan Mayen,2016,
748,Swaziland,2004,
748,Swaziland,2005,
748,Swaziland,2006,
748,Swaziland,2007,
748,Swaziland,2008,
748,Swaziland,2009,
748,Swaziland,2010,
748,Swaziland,2011,
748,Swaziland,2012,
748,Swaziland,2013,
748,Swaziland,2014,27.5
748,Swaziland,2015,27.5
748,Swaziland,2016,27.5
752,Sweden,2004,28
752,Sweden,2005,28
752,Sweden,2006,28
752,Sweden,2007,28
752,Sweden,2008,28
752,Sweden,2009,26.3
752,Sweden,2010,26.3
752,Sweden,2011,26.3
752,Sweden,2012,26.3
752,Sweden,2013,22
752,Sweden,2014,22
752,Sweden,2015,22
752,Sweden,2016,22
756,Switzerland,2004,24.1
756,Switzerland,2005,21.3
756,Switzerland,2006,21.3
756,Switzerland,2007,21.15
756,Switzerland,2008,21.15
756,Switzerland,2009,21.15
756,Switzerland,2010,21.15
756,Switzerland,2011,21.15
756,Switzerland,2012,21.15
756,Switzerland,2013,21.15
756,Switzerland,2014,21.15
756,Switzerland,2015,21.15
756,Switzerland,2016,21.15
760,Syrian Arab Republic,2004,
760,Syrian Arab Republic,2005,
760,Syrian Arab Republic,2006,35
760,Syrian Arab Republic,2007,28
760,Syrian Arab Republic,2008,28
760,Syrian Arab Republic,2009,28
760,Syrian Arab Republic,2010,28
760,Syrian Arab Republic,2011,28
760,Syrian Arab Republic,2012,28
760,Syrian Arab Republic,2013,22
760,Syrian Arab Republic,2014,22
760,Syrian Arab Republic,2015,22
760,Syrian Arab Republic,2016,28
158,"Taiwan, Province Of China",2004,25
158,"Taiwan, Province Of China",2005,25
158,"Taiwan, Province Of China",2006,25
158,"Taiwan, Province Of China",2007,25
158,"Taiwan, Province Of China",2008,25
158,"Taiwan, Province Of China",2009,25
158,"Taiwan, Province Of China",2010,17
158,"Taiwan, Province Of China",2011,17
158,"Taiwan, Province Of China",2012,17
158,"Taiwan, Province Of China",2013,17
158,"Taiwan, Province Of China",2014,17
158,"Taiwan, Province Of China",2015,17
158,"Taiwan, Province Of China",2016,17
762,Tajikistan,2004,
762,Tajikistan,2005,
762,Tajikistan,2006,
762,Tajikistan,2007,
762,Tajikistan,2008,
762,Tajikistan,2009,
762,Tajikistan,2010,25
762,Tajikistan,2011,25
762,Tajikistan,2012,25
762,Tajikistan,2013,25
762,Tajikistan,2014,25
762,Tajikistan,2015,25
762,Tajikistan,2016,25
834,"Tanzania, United Republic Of",2004,
834,"Tanzania, United Republic Of",2005,
834,"Tanzania, United Republic Of",2006,
834,"Tanzania, United Republic Of",2007,
834,"Tanzania, United Republic Of",2008,
834,"Tanzania, United Republic Of",2009,30
834,"Tanzania, United Republic Of",2010,30
834,"Tanzania, United Republic Of",2011,30
834,"Tanzania, United Republic Of",2012,30
834,"Tanzania, United Republic Of",2013,30
834,"Tanzania, United Republic Of",2014,30
834,"Tanzania, United Republic Of",2015,30
834,"Tanzania, United Republic Of",2016,30
764,Thailand,2004,30
764,Thailand,2005,30
764,Thailand,2006,30
764,Thailand,2007,30
764,Thailand,2008,30
764,Thailand,2009,30
764,Thailand,2010,30
764,Thailand,2011,30
764,Thailand,2012,23
764,Thailand,2013,20
764,Thailand,2014,20
764,Thailand,2015,20
764,Thailand,2016,20
626,Timor-Leste,2004,
626,Timor-Leste,2005,
626,Timor-Leste,2006,
626,Timor-Leste,2007,
626,Timor-Leste,2008,
626,Timor-Leste,2009,
626,Timor-Leste,2010,
626,Timor-Leste,2011,
626,Timor-Leste,2012,
626,Timor-Leste,2013,
626,Timor-Leste,2014,10
626,Timor-Leste,2015,10
626,Timor-Leste,2016,10
768,Togo,2004,
768,Togo,2005,
768,Togo,2006,
768,Togo,2007,
768,Togo,2008,
768,Togo,2009,
768,Togo,2010,
768,Togo,2011,
768,Togo,2012,
768,Togo,2013,
768,Togo,2014,
768,Togo,2015,
768,Togo,2016,
772,Tokelau,2004,
772,Tokelau,2005,
772,Tokelau,2006,
772,Tokelau,2007,
772,Tokelau,2008,
772,Tokelau,2009,
772,Tokelau,2010,
772,Tokelau,2011,
772,Tokelau,2012,
772,Tokelau,2013,
772,Tokelau,2014,
772,Tokelau,2015,
772,Tokelau,2016,
776,Tonga,2004,
776,Tonga,2005,
776,Tonga,2006,
776,Tonga,2007,
776,Tonga,2008,
776,Tonga,2009,
776,Tonga,2010,
776,Tonga,2011,
776,Tonga,2012,
776,Tonga,2013,
776,Tonga,2014,
776,Tonga,2015,
776,Tonga,2016,
780,Trinidad And Tobago,2004,
780,Trinidad And Tobago,2005,
780,Trinidad And Tobago,2006,
780,Trinidad And Tobago,2007,
780,Trinidad And Tobago,2008,
780,Trinidad And Tobago,2009,
780,Trinidad And Tobago,2010,
780,Trinidad And Tobago,2011,25
780,Trinidad And Tobago,2012,25
780,Trinidad And Tobago,2013,25
780,Trinidad And Tobago,2014,25
780,Trinidad And Tobago,2015,25
780,Trinidad And Tobago,2016,25
788,Tunisia,2004,33
788,Tunisia,2005,35
788,Tunisia,2006,35
788,Tunisia,2007,30
788,Tunisia,2008,30
788,Tunisia,2009,30
788,Tunisia,2010,30
788,Tunisia,2011,30
788,Tunisia,2012,30
788,Tunisia,2013,30
788,Tunisia,2014,25
788,Tunisia,2015,25
788,Tunisia,2016,25
792,Turkey,2004,25
792,Turkey,2005,30
792,Turkey,2006,20
792,Turkey,2007,20
792,Turkey,2008,20
792,Turkey,2009,20
792,Turkey,2010,20
792,Turkey,2011,20
792,Turkey,2012,20
792,Turkey,2013,20
792,Turkey,2014,20
792,Turkey,2015,20
792,Turkey,2016,20
795,Turkmenistan,2004,30
795,Turkmenistan,2005,25
795,Turkmenistan,2006,
795,Turkmenistan,2007,
795,Turkmenistan,2008,
795,Turkmenistan,2009,
795,Turkmenistan,2010,8
795,Turkmenistan,2011,8
795,Turkmenistan,2012,8
795,Turkmenistan,2013,8
795,Turkmenistan,2014,8
795,Turkmenistan,2015,8
795,Turkmenistan,2016,8
796,Turks And Caicos Islands,2004,
796,Turks And Caicos Islands,2005,
796,Turks And Caicos Islands,2006,
796,Turks And Caicos Islands,2007,
796,Turks And Caicos Islands,2008,
796,Turks And Caicos Islands,2009,
796,Turks And Caicos Islands,2010,
796,Turks And Caicos Islands,2011,
796,Turks And Caicos Islands,2012,
796,Turks And Caicos Islands,2013,
796,Turks And Caicos Islands,2014,
796,Turks And Caicos Islands,2015,
796,Turks And Caicos Islands,2016,0
798,Tuvalu,2004,
798,Tuvalu,2005,
798,Tuvalu,2006,
798,Tuvalu,2007,
798,Tuvalu,2008,
798,Tuvalu,2009,
798,Tuvalu,2010,
798,Tuvalu,2011,
798,Tuvalu,2012,
798,Tuvalu,2013,
798,Tuvalu,2014,
798,Tuvalu,2015,
798,Tuvalu,2016,
800,Uganda,2004,
800,Uganda,2005,
800,Uganda,2006,30
800,Uganda,2007,30
800,Uganda,2008,30
800,Uganda,2009,30
800,Uganda,2010,30
800,Uganda,2011,30
800,Uganda,2012,30
800,Uganda,2013,30
800,Uganda,2014,30
800,Uganda,2015,30
800,Uganda,2016,30
804,Ukraine,2004,
804,Ukraine,2005,
804,Ukraine,2006,25
804,Ukraine,2007,25
804,Ukraine,2008,25
804,Ukraine,2009,25
804,Ukraine,2010,25
804,Ukraine,2011,25
804,Ukraine,2012,21
804,Ukraine,2013,19
804,Ukraine,2014,18
804,Ukraine,2015,18
804,Ukraine,2016,18
784,United Arab Emirates,2004,40
784,United Arab Emirates,2005,55
784,United Arab Emirates,2006,55
784,United Arab Emirates,2007,55
784,United Arab Emirates,2008,55
784,United Arab Emirates,2009,55
784,United Arab Emirates,2010,55
784,United Arab Emirates,2011,55
784,United Arab Emirates,2012,55
784,United Arab Emirates,2013,55
784,United Arab Emirates,2014,55
784,United Arab Emirates,2015,55
784,United Arab Emirates,2016,55
826,United Kingdom,2004,30
826,United Kingdom,2005,30
826,United Kingdom,2006,30
826,United Kingdom,2007,30
826,United Kingdom,2008,28
826,United Kingdom,2009,28
826,United Kingdom,2010,28
826,United Kingdom,2011,26
826,United Kingdom,2012,24
826,United Kingdom,2013,23
826,United Kingdom,2014,21
826,United Kingdom,2015,20
826,United Kingdom,2016,20
840,United States,2004,39.32
840,United States,2005,39.29
840,United States,2006,39.3
840,United States,2007,39.27
840,United States,2008,39.25
840,United States,2009,39.16
840,United States,2010,39.21
840,United States,2011,39.19
840,United States,2012,39.13
840,United States,2013,39.05
840,United States,2014,39.08
840,United States,2015,39
840,United States,2016,38.92
858,Uruguay,2004,28
858,Uruguay,2005,30
858,Uruguay,2006,30
858,Uruguay,2007,30
858,Uruguay,2008,25
858,Uruguay,2009,25
858,Uruguay,2010,25
858,Uruguay,2011,25
858,Uruguay,2012,25
858,Uruguay,2013,25
858,Uruguay,2014,25
858,Uruguay,2015,25
858,Uruguay,2016,25
860,Uzbekistan,2004,
860,Uzbekistan,2005,
860,Uzbekistan,2006,
860,Uzbekistan,2007,
860,Uzbekistan,2008,
860,Uzbekistan,2009,
860,Uzbekistan,2010,9
860,Uzbekistan,2011,9
860,Uzbekistan,2012,9
860,Uzbekistan,2013,9
860,Uzbekistan,2014,8
860,Uzbekistan,2015,8
860,Uzbekistan,2016,7.5
548,Vanuatu,2004,
548,Vanuatu,2005,
548,Vanuatu,2006,
548,Vanuatu,2007,
548,Vanuatu,2008,
548,Vanuatu,2009,
548,Vanuatu,2010,
548,Vanuatu,2011,
548,Vanuatu,2012,
548,Vanuatu,2013,
548,Vanuatu,2014,0
548,Vanuatu,2015,0
548,Vanuatu,2016,0
862,Venezuela,2004,34
862,Venezuela,2005,34
862,Venezuela,2006,34
862,Venezuela,2007,34
862,Venezuela,2008,34
862,Venezuela,2009,34
862,Venezuela,2010,34
862,Venezuela,2011,34
862,Venezuela,2012,34
862,Venezuela,2013,34
862,Venezuela,2014,34
862,Venezuela,2015,34
862,Venezuela,2016,34
704,Viet Nam,2004,28
704,Viet Nam,2005,28
704,Viet Nam,2006,28
704,Viet Nam,2007,28
704,Viet Nam,2008,28
704,Viet Nam,2009,25
704,Viet Nam,2010,25
704,Viet Nam,2011,25
704,Viet Nam,2012,25
704,Viet Nam,2013,25
704,Viet Nam,2014,22
704,Viet Nam,2015,22
704,Viet Nam,2016,22
92,"Virgin Islands, British",2004,
92,"Virgin Islands, British",2005,
92,"Virgin Islands, British",2006,
92,"Virgin Islands, British",2007,
92,"Virgin Islands, British",2008,
92,"Virgin Islands, British",2009,
92,"Virgin Islands, British",2010,
92,"Virgin Islands, British",2011,
92,"Virgin Islands, British",2012,
92,"Virgin Islands, British",2013,
92,"Virgin Islands, British",2014,0
92,"Virgin Islands, British",2015,0
92,"Virgin Islands, British",2016,0
850,"Virgin Islands, U.S.",2004,
850,"Virgin Islands, U.S.",2005,
850,"Virgin Islands, U.S.",2006,
850,"Virgin Islands, U.S.",2007,
850,"Virgin Islands, U.S.",2008,
850,"Virgin Islands, U.S.",2009,
850,"Virgin Islands, U.S.",2010,
850,"Virgin Islands, U.S.",2011,
850,"Virgin Islands, U.S.",2012,
850,"Virgin Islands, U.S.",2013,
850,"Virgin Islands, U.S.",2014,35
850,"Virgin Islands, U.S.",2015,35
850,"Virgin Islands, U.S.",2016,35
876,Wallis And Futuna,2004,
876,Wallis And Futuna,2005,
876,Wallis And Futuna,2006,
876,Wallis And Futuna,2007,
876,Wallis And Futuna,2008,
876,Wallis And Futuna,2009,
876,Wallis And Futuna,2010,
876,Wallis And Futuna,2011,
876,Wallis And Futuna,2012,
876,Wallis And Futuna,2013,
876,Wallis And Futuna,2014,0
876,Wallis And Futuna,2015,0
876,Wallis And Futuna,2016,0
732,Western Sahara,2004,
732,Western Sahara,2005,
732,Western Sahara,2006,
732,Western Sahara,2007,
732,Western Sahara,2008,
732,Western Sahara,2009,
732,Western Sahara,2010,
732,Western Sahara,2011,
732,Western Sahara,2012,
732,Western Sahara,2013,
732,Western Sahara,2014,
732,Western Sahara,2015,
732,Western Sahara,2016,
887,Yemen,2004,
887,Yemen,2005,
887,Yemen,2006,35
887,Yemen,2007,35
887,Yemen,2008,35
887,Yemen,2009,35
887,Yemen,2010,35
887,Yemen,2011,20
887,Yemen,2012,20
887,Yemen,2013,20
887,Yemen,2014,20
887,Yemen,2015,20
887,Yemen,2016,20
894,Zambia,2004,
894,Zambia,2005,35
894,Zambia,2006,35
894,Zambia,2007,35
894,Zambia,2008,35
894,Zambia,2009,35
894,Zambia,2010,35
894,Zambia,2011,35
894,Zambia,2012,35
894,Zambia,2013,35
894,Zambia,2014,35
894,Zambia,2015,35
894,Zambia,2016,35
716,Zimbabwe,2004,
716,Zimbabwe,2005,
716,Zimbabwe,2006,30.9
716,Zimbabwe,2007,30.9
716,Zimbabwe,2008,30.9
716,Zimbabwe,2009,30.9
716,Zimbabwe,2010,25.75
716,Zimbabwe,2011,25.75
716,Zimbabwe,2012,25.75
716,Zimbabwe,2013,25.75
716,Zimbabwe,2014,25.75
716,Zimbabwe,2015,25.75
716,Zimbabwe,2016,25.75
